1,Against the Odds (2016),Comedy,0
2,Against the Tide (2011),Sport,0
3,Against the Wall (2011),Crime,0
4,Against the Wall (2011),Drama,0
5,Against the Wind (1978),Drama,0
6,Against the Wind (1978),History,0
7,Agamoi thytai (1992),Comedy,0
8,Agapi sto Aigaio (1992),Drama,0
9,Agar Aisa Ho To (1990),Comedy,0
10,Agar.io (2016),Comedy,0
11,Agasa Kurisut? no meitantei Powaro to M?puru (2004),Animation,0
12,Agasa Kurisut? no meitantei Powaro to M?puru (2004),Mystery,0
13,Agate (1988),Drama,0
14,Agatha Christie's Marple (2004),Crime,0
15,Agatha Christie's Marple (2004),Drama,0
16,Agatha Christie's Marple (2004),Mystery,0
17,Be a Bruin (2006),Reality-TV,0
18,Be a Man (2014),Comedy,0
19,Be a Moviestar (2005),Game-Show,0
20,Be a Pro (2013),Sport,0
21,Be on TV (2007),Comedy,0
22,Be the Boss Canada (2013),Reality-TV,0
23,Be the Boss (2012),Game-Show,0
24,Be the Boss (2012),Reality-TV,0
25,Be the Creature 2 (2004),Documentary,0
26,Be the Creature 2 (2004) {Battling Bighorn},Documentary,0
27,Be the Creature 2 (2004) {Expedition Galapagos},Documentary,0
28,Be the Creature 2 (2004) {Expedition Spotted Hyena},Documentary,0
29,Be the Creature 2 (2004) {Pantanal},Documentary,0
30,Be the Creature 2 (2004) {Staying Alive},Documentary,0
31,Be the Creature (2003),Documentary,0
32,Be the People (2012),Talk-Show,0
33,BeKetzev HaKetzev (2002),Comedy,0
34,BeKetzev HaKetzev (2002),Drama,0
35,BeMdinat Ha-Yehudim (2004),Documentary,0
36,BeMe by Bree (2011),Talk-Show,0
37,BeReverse (2014),Talk-Show,0
38,BeTipul (2005),Drama,0
39,Bea Wildered (2009),Animation,0
40,Bea y Mara (2016),Comedy,0
41,Beach 'n RVs (2013),Documentary,0
42,Beach Ball P.I. (2012),Comedy,0
43,Beach Bites with Katie Lee (2015),Family,0
44,Beach Boys (1997),Comedy,0
45,Beach Boys (1997),Drama,0
46,Beach Clash (1994),Sport,0
47,Beach Diaries (2001),Action,0
48,Beach Diaries (2001),Adventure,0
49,Beach Diaries (2001),Documentary,0
50,Beach Diaries (2001),Family,0
51,Beach Eats USA with Curtis Stone (2015),Family,0
52,Beach Flip (2015),Reality-TV,0
53,Beach Girls (2005),Drama,0
54,Beach Girls (2005),Romance,0
55,Beach Heat Miami (2010),Drama,0
56,Beach Patrol: Honolulu (2007),Reality-TV,0
57,Beach Town (2010),Reality-TV,0
58,Beached Az (2009),Animation,0
59,Beached Az (2009),Comedy,0
60,Beachfront Bargain Hunt (2013),Documentary,0
61,Beachfront Bargain Hunt (2013),Family,0
62,Beachfront Bargain Hunt: Renovation (2015),Reality-TV,0
63,Beachmate (2000),Romance,0
64,Beachwood Charter (2014),Drama,0
65,Beacon Hill (1975),Drama,0
66,Beacon Hill (2014),Drama,0
67,Beadle's About (1986),Comedy,0
68,Beadle's About (1986),Reality-TV,0
69,Beakman's World (1992),Comedy,0
70,Beakman's World (1992),Family,0
71,Beal High School (2011),Reality-TV,0
72,Bean Dip Explains It All (2015),Talk-Show,0
73,BeanTown (2014),Comedy,0
74,"Beans, Rice and Potatoes (2015)",Comedy,0
75,Beany and Cecil (1988),Animation,0
76,Bear & Butterfly (2004),Animation,0
77,Bear Behaving Badly (2007),Comedy,0
78,Bear Behaving Badly (2007),Drama,0
79,Cadillacs and Dinosaurs (1993),Sci-Fi,0
80,Cadlac Tom (2015),Drama,0
81,Caduta libera (2015),Game-Show,0
82,Cadßver exquisito (2009),Reality-TV,0
83,Caer en la tentaci?n (1963),Drama,0
84,Caer en la tentaci?n (1963),Romance,0
85,Caerdydd (2006),Drama,0
86,Caesar's Challenge (1993),Family,0
87,Caesar's Challenge (1993),Game-Show,0
88,Caesar's Hour (1954),Comedy,0
89,Caesar's Rude Arena (1996),Game-Show,0
90,Caesars 24/7 (2005),Documentary,0
91,Cafe Americain (1993),Comedy,0
92,Cafe California (1998),Talk-Show,0
93,Cafe Central (2011),Comedy,0
94,Cafe Chill (2004),Comedy,0
95,Cafe Continental (1958),Comedy,0
96,Cafe Continental (1958),Music,0
97,Cafe Digital (1998),Documentary,0
98,Cafe Kremlin (2012),Crime,0
99,Cafe Kremlin (2012),Drama,0
100,Cafe Kremlin (2012),Thriller,0
101,Cafe Paris (1996),Drama,0
102,Cafe Paris (1996),Romance,0
103,Cafe Racer (2008),Reality-TV,0
104,Cafe Tel Ad (1997),Family,0
105,Cafeaua de dimineata (2011),Talk-Show,0
106,Cafeteria Aroma (????),Comedy,0
107,Cafeter?a Manhattan (2007),Comedy,0
108,Caffeinated with John Fugelsang (2012),Comedy,0
109,Caf? - en time (1983),Comedy,0
110,Caf? - en time (1983),Music,0
111,Caf? B?le (1995),Comedy,0
112,Caf? B?rs (2013),Comedy,0
113,Caf? Cinema (2014),Documentary,0
114,Caf? Kirpputori (1996),Drama,0
115,Caf? Majestic (2000),Comedy,0
116,Caf? Ol? (2007),Comedy,0
117,Caf? Picouly (2005),Talk-Show,0
118,Caf? Puls (2004),News,0
119,Caf? Rendez-vous (1958),Music,0
120,Caf? con aroma de mujer (1993),Drama,0
121,Caf? con aroma de mujer (1993),Romance,0
122,Caf? con leche (1998),Comedy,0
123,Caf? con... (2014),Documentary,0
124,Caf? da Esquina (2000),Comedy,0
125,Caf? de Wereld (2003),Comedy,0
126,Caf? deporte (2008),Sport,0
127,Caf? deporte (2008),Talk-Show,0
128,Caf? do Surdo (1994),Comedy,0
129,Caf? du square (1969),Drama,0
130,Caf? express (2003),Comedy,0
131,Caf? litt?raire (2008),Talk-Show,0
132,Caf? para Cuatro (2014),Talk-Show,0
133,"Caf?, Croissant, French? (2014)",Comedy,0
134,Cage Combat MMA (2009),Sport,0
135,Cage Combat (2003),Documentary,0
136,Cage Fighta (2010),Sport,0
137,Cage Insider (2010),News,0
138,Cage Insider (2010),Sport,0
139,Cage Insider (2010),Talk-Show,0
140,Cage LIfe (2016),Reality-TV,0
141,Cage Rage (2005),Sport,0
142,Cage and West (2015),Comedy,0
143,Caged (2012),Reality-TV,0
144,Caged (2016),Crime,0
145,Cagney & Lacey (1981),Crime,0
146,Cagney & Lacey (1981),Drama,0
147,Cagney & Lacey (1981),Mystery,0
148,Cagney & Lacey (1981),Thriller,0
149,Cagney & Lacey (1981) {Pilot (#1.0)},Crime,0
150,Cagney & Lacey (1981) {Pilot (#1.0)},Drama,0
151,Cai xin miao shou (2006),Comedy,0
152,Caia Quem Caia (2008),Comedy,0
153,Caiga quien caiga - CQC (1995),Comedy,0
154,Caiga quien caiga - CQC (1995),News,0
155,Caiga quien caiga - CQC (1995),Talk-Show,0
156,Caiga quien caiga (1996/II),Comedy,0
157,Caiga quien caiga (1996/II),Talk-Show,0
158,Caiga quien caiga (2007),Talk-Show,0
159,Caillou Pettis Movie Reviews (2016),Comedy,0
160,Caillou (1997),Animation,0
161,Caillou (1997),Family,0
162,Cain Enabled (2015),Comedy,0
163,Cain and Abel (2009),Action,0
164,Cain and Abel (2009),Drama,0
165,Cain and Abel (2009),Romance,0
166,Cain and Abel (2016),Romance,0
167,Cain y Abel (2010),Drama,0
168,Cain's Hundred (1961),Crime,0
169,Cain's Hundred (1961),Drama,0
170,Caitlin Jones Saves the Day (2012),Comedy,0
171,Caixa Alta (1989),Adventure,0
172,Caixa Mßgica (1996),News,0
173,Caixa Mßgica (1996),Talk-Show,0
174,Caja de ritmos (1983),Musical,0
175,Cajou (2009),Animation,0
176,Cajun Court: Longfellow v. Bayner (2015),Reality-TV,0
177,Cajun Justice (2012),Reality-TV,0
178,Cajun Pawn Stars (2012),Reality-TV,0
179,Caj?n desastre (1990),Family,0
180,Cake Boss (2009),Family,0
181,Cake Boss (2009),Reality-TV,0
182,Cake Boss: Next Great Baker (2010),Reality-TV,0
183,Cake Masters (2016),Family,0
184,Cake Walk Series (2016),Comedy,0
185,Cake Walk Series (2016),Romance,0
186,Cake Walk (2011),Reality-TV,0
187,Cake Wars (2015),Reality-TV,0
188,Cake (2006),Family,0
189,Cake-ya Ken chan (1972),Comedy,0
190,Cake-ya Ken chan (1972),Drama,0
191,Cake-ya Ken chan (1972),Family,0
192,Cakey! The Cake from Outer Space (2006),Comedy,0
193,Cakey! The Cake from Outer Space (2006),Sci-Fi,0
194,Cakey! The Cake from Outer Space (2006),Short,0
195,Cakil Taslari (2010),Comedy,0
196,Cal Thomas (1994),Talk-Show,0
197,Cal's Corral (1959),Music,0
198,Cala (2012),Talk-Show,0
199,Calabromas (1978),Comedy,0
200,Calafati Joe (1989),Action,0
201,Calamity Fox (2015),Animation,0
202,Calando fuerte (2006),Comedy,0
203,Calando fuerte (2006),Game-Show,0
204,Calando fuerte (2006),Talk-Show,0
205,Calator pe Viata (2009),Adventure,0
206,Calcolon (2012),Game-Show,0
207,Calcul?n (1977),Animation,0
208,Calcul?n (1977),Comedy,0
209,Calcul?n (1977),Family,0
210,Calcul?n (1977),Fantasy,0
211,Caldeir?o do Huck (2000),Family,0
212,Caldeir?o do Huck (2000),Game-Show,0
213,Caldeir?o do Huck (2000),Reality-TV,0
214,Caldeir?o do Huck (2000),Talk-Show,0
215,Caleb Chernysh (2016),Comedy,0
216,Caleb Williams (1980),Adventure,0
217,Caleb and Renee (2011),Comedy,0
218,Caledonia Mortal Souls (2014),Fantasy,0
219,Caledonian MacBrains (2002),Comedy,0
220,Caledonian MacBrains (2002),Game-Show,0
221,Calefare (2008),Comedy,0
222,Calembredaines (1965),Comedy,0
223,Calendar Countdown (1982),Game-Show,0
224,Calendar Goes Pop (1980),Music,0
225,Calendar (1961),News,0
226,Calendar (1968),News,0
227,Caleta del Sol (2014),Drama,0
228,Calgary Homes & Lifestyles (2016),Reality-TV,0
229,Calgary Stampede (2014),Sport,0
230,Calibre 45 (2006),Music,0
231,Calibre 45 (2006),Talk-Show,0
232,Calidad de vida (1991),Documentary,0
233,Caliente con El Pachß (1992),Music,0
234,Clash of Warriors (2002),War,0
235,Clash of Wings: The Story of World War II in the Air (1998),Documentary,0
236,Clash of Wings: The Story of World War II in the Air (1998),History,0
237,Clash of Wings: The Story of World War II in the Air (1998),War,0
238,Clash of Worlds (2006),Documentary,0
239,Clash of the Champions (1988),Sport,0
240,Clash of the Choirs (2007),Game-Show,0
241,Clash of the Choirs (2007),Music,0
242,Clash of the Choirs (2007),Reality-TV,0
243,Clash of the Continents (2010) {End of Eden (#1.1)},Documentary,0
244,Clash of the Corps (2016),Reality-TV,0
245,Clash of the Dinosaurs (2009),Documentary,0
246,Clash of the Dinosaurs (2009),History,0
247,Clash of the Gods (2009),Documentary,0
248,Clash of the Gods (2009),History,0
249,Clash of the Ozarks (2014),Reality-TV,0
250,Clash of the Titans (1996),Documentary,0
251,Clash of the Titans (1996),Sport,0
252,Clash of the Vampires (2017),Action,0
253,Clash of the Vampires (2017),Adventure,0
254,Clash of the Vampires (2017),Drama,0
255,Clash of the Vampires (2017),Fantasy,0
256,Clash of the Vampires (2017) {Pilot (#1.1)},Action,0
257,Clash of the Vampires (2017) {Pilot (#1.1)},Adventure,0
258,Clash of the Vampires (2017) {Pilot (#1.1)},Fantasy,0
259,Clash! Boom! Bang! - Die Stunde der Abrechnung (2013),Game-Show,0
260,Clash! (1990),Game-Show,0
261,Clash (2009),Game-Show,0
262,Clash-A-Rama (2014),Animation,0
263,Class 11 (2007) {{SUSPENDED}},Drama,0
264,Class Act (1994),Comedy,0
265,Class Act (1994),Drama,0
266,Class Act (2010),Reality-TV,0
267,Class Act (2015),Comedy,0
268,Class Act (2015),Drama,0
269,Class Act (2015),Family,0
270,Class Act (2015),Musical,0
271,Class Act (2015),Romance,0
272,Class Act (2015),Short,0
273,Class Clips (2007),Documentary,0
274,Class Dismissed (2015),Comedy,0
275,Class Dismissed (2016),Comedy,0
276,Class Dismissed (2016),Family,0
277,Class N Session (2017),Comedy,0
278,Class of '92: Out of Their League (2015),Documentary,0
279,Class of '92: Out of Their League (2015),Sport,0
280,Class of '96 (1993),Drama,0
281,Class of 2008 (2008),Documentary,0
282,Class of 2017 (2017),Documentary,0
283,Da xue sheng le mei (2007),Talk-Show,0
284,Da zhai men (2001),Drama,0
285,Da zui xia (2002),Action,0
286,DaVinci - Faszination Mensch (2007),Documentary,0
287,Daae Days: Backstage at 'The Phantom of the Opera' with Sierra Boggess (2014),Reality-TV,0
288,Daai Bo Fuk (1977),Adventure,0
289,Daai Bo Fuk (1977),Drama,0
290,Daam (1995),Action,0
291,Daam (2010),Drama,0
292,Daam (2010),Romance,0
293,Daar Doer in die Fliek (2011),Documentary,0
294,Daar is de deur (1998),Family,0
295,Daar vliegende panters 2 (2005),Comedy,0
296,Daar vliegende panters (2001),Comedy,0
297,Daawat Moqawem (2014),Drama,0
298,Dabei ab zwei (1999),News,0
299,Dabox (1999),Comedy,0
300,Daboy en da girl (2002),Comedy,0
301,Dabsity (2015),Comedy,0
302,Daburu kitchin (1993),Comedy,0
303,Dad Camp (2010),Reality-TV,0
304,Dad Day (2016),Comedy,0
305,Dad Drives (2012),Comedy,0
306,Dad Dudes (2015),Comedy,0
307,Dad on Avail (2014),Comedy,0
308,Dad vs. Lad Season 2 (2012) {{SUSPENDED}},Comedy,0
309,Dad vs. Lad (2012),Comedy,0
310,Dad! Where Are You Going? (2013),Reality-TV,0
311,Dad (1997),Comedy,0
312,Dad'X (1998),Animation,0
313,Dad's Army (1968),Comedy,0
314,Dad's Army (1968),War,0
315,Dad-Bod (2016),Comedy,0
316,Dada Boat (2003),Comedy,0
317,Dada Dandinista (2014),Talk-Show,0
318,Dada gia oles tis douleies (1998),Comedy,0
319,Dada gia oles tis douleies (1998),Family,0
320,Dada gia oles tis douleies (1998),Romance,0
321,Dadagiri Unlimited (2009),Family,0
322,Dadagiri Unlimited (2009),Game-Show,0
323,Daddies Boy (2014),Comedy,0
324,Daddio (2000),Comedy,0
325,Daddy Cool (2012),Comedy,0
326,Daddy Cool (2016),Comedy,0
327,Daddy Dearest (1993),Comedy,0
328,Daddy Diaper Diaries (????),Comedy,0
329,Daddy Diaper Diaries (????),Family,0
330,Daddy Knows Best (2012),Comedy,0
331,Daddy Survival (1995),Comedy,0
332,Daddy di do du (2001),Comedy,0
333,Daddy di do du (2001),Fantasy,0
334,Daddy (2005),Animation,0
335,Daddy's Girls (1994),Comedy,0
336,Daddy's Girls (2009),Reality-TV,0
337,Daddy's Little (Spoiled) Girl (2005),Documentary,0
338,Daddy's Little (Spoiled) Girl (2005),Reality-TV,0
339,Dadi (2001),Comedy,0
340,Dadi (2001),Family,0
341,Dading (2014),Comedy,0
342,Dading (2014),Drama,0
343,Dading (2014),Family,0
344,Dading (2014),Romance,0
345,Dads Doin' Dishes (2015),Reality-TV,0
346,Dads in Parks (2016),Comedy,0
347,Dads (1986),Comedy,0
348,Dads (2012),Family,0
349,Dads (2013),Comedy,0
350,Dadyvertido (2002),Comedy,0
351,Dadyvertido (2002),Family,0
352,Dae Jang-geum (2003),Biography,0
353,Dae Jang-geum (2003),Drama,0
354,Dae Jang-geum (2003),History,0
355,Dae Jo Yeong (2006),Drama,0
356,Dae Jo Yeong (2006),History,0
357,Dae Mul (2010),Drama,0
358,Dae Wang Sejong (2008),Drama,0
359,Dae Wang Sejong (2008),History,0
360,Daebak (2016),Drama,0
361,Daebak (2016),History,0
362,Daedal Doors (1972),Family,0
363,Dafo (2011),Comedy,0
364,Daft Adventures (2016),Comedy,0
365,Daft Planet (2002),Animation,0
366,Daft Planet (2002),Comedy,0
367,Dafuq? (2016),Comedy,0
368,Dag & nacht (2010),Drama,0
369,Dag Sinterklaas (1992),Comedy,0
370,Dag Sinterklaas (1992),Family,0
371,Dag Sinterklaas (1992),Fantasy,0
372,Dag dag heerlijke lach (1974),Comedy,0
373,"Dag juf, tot morgen (1995)",Adventure,0
374,"Dag juf, tot morgen (1995)",Drama,0
375,"Dag juf, tot morgen (1995)",Family,0
376,Dag meneer de koekepeer (1991),Drama,0
377,Dag (2010),Comedy,0
378,Dag (2010),Drama,0
379,Dagashi kashi (2016),Animation,0
380,Dagashi kashi (2016),Comedy,0
381,Dagashi kashi (2016),Romance,0
382,Dagboek van een callgirl (2015),Comedy,0
383,Dagboek van een callgirl (2015),Drama,0
384,Dagboek van een herdershond (1978),Drama,0
385,Dageki tenshi Ruri (2008),Drama,0
386,Dagelijkse Kost (2010),Family,0
387,"Dagen, den er din! (2001)",Talk-Show,0
388,Dagens Danmark (2005),News,0
389,Dagens Danmark (2005),Talk-Show,0
390,Dagens mand (2008),Game-Show,0
391,Dagger Kiss (2016),Fantasy,0
392,Daglar delisi (2007),Drama,0
393,Dags dato (1998),Documentary,0
394,Dags dato (1998),News,0
395,Dagsrevyen (1958),News,0
396,Dagstrijd (2003),Game-Show,0
397,Dagur & vika (1984),News,0
398,Dagvaktin (2008),Comedy,0
399,Dagvaktin (2008),Drama,0
400,Daheim & unterwegs (2003),News,0
401,Dahil may isang ikaw (2009),Drama,0
402,Dahil sa pag-ibig (2012),Drama,0
403,Dahlg?rds Tivoli (1999),Documentary,0
404,Dahoam is Dahoam (2007),Drama,0
405,Dahsha (2014),Drama,0
406,Dai Ch?shingura (1971),Action,0
407,Dai Ch?shingura (1971),Adventure,0
408,Dai Ch?shingura (1971),Drama,0
409,Dai Ch?shingura (1989),Drama,0
410,Dai baun mut ling (1986),Drama,0
411,Dai dei fei yeng (1992),Drama,0
412,Dai dey yan ching (1980),Drama,0
413,Dai ha (1985),Drama,0
414,Dai heung kong (1985),Drama,0
415,Dai noi kwan ying (1980),Action,0
416,Dai noi kwan ying (1980),Drama,0
417,Dai noi kwan ying (1980),History,0
418,Dai sentai G?guru Faibu (1982),Action,0
419,Dai sentai G?guru Faibu (1982),Adventure,0
420,Dai sentai G?guru Faibu (1982),Fantasy,0
421,Dai sentai G?guru Faibu (1982),Sci-Fi,0
422,Dai si doi (1992),Drama,0
423,Dai tong meng bou (1990),Drama,0
424,Dai! Tensai TV kun (2011),Family,0
425,Daiahmundeuwi Neunmul (2005),Drama,0
426,Daiahmundeuwi Neunmul (2005),Romance,0
427,Daiamondo no koi (2005),Drama,0
428,Daibajensu ivu (2003),Adventure,0
429,Daibajensu ivu (2003),Animation,0
430,Daibajensu ivu (2003),Comedy,0
431,Daibajensu ivu (2003),Horror,0
432,Daibajensu ivu (2003),Sci-Fi,0
433,Daibajensu ivu: Misaki kuronikuru (2004),Animation,0
434,Daibajensu ivu: Misaki kuronikuru (2004),Drama,0
435,Daibajensu ivu: Misaki kuronikuru (2004),Horror,0
436,Daibajensu ivu: Misaki kuronikuru (2004),Sci-Fi,0
437,Daibutsu kaigen (2010),Drama,0
438,Daichi no fanf?re (2012),Drama,0
439,Daigaku imo monogatari (1971),Drama,0
440,Daigund? (2002),Adventure,0
441,Daigund? (2002),Animation,0
442,Daigund? (2002),Fantasy,0
443,Daigund? (2002),Sci-Fi,0
444,Daihy? torishimariyaku deka (1990),Action,0
445,Daikaizou!! Gekiteki bif? afut? (2002),Documentary,0
446,Daikon no hana (1970),Drama,0
447,Daik? mary? Gaikingu (1976),Adventure,0
448,Daik? mary? Gaikingu (1976),Animation,0
449,Daik? mary? Gaikingu (1976),Sci-Fi,0
450,Daik?k? '92 - Ai no tabidachi (1992),Drama,0
451,Dailies (2006),News,0
452,Daily Bread (????),Drama,0
453,Daily Breakdown (2015),Comedy,0
454,Daily Cafe (2007),Talk-Show,0
455,Daily Cooks (2007),Reality-TV,0
456,Daily Dab TV (2015),Talk-Show,0
457,Daily Delivery (2007),Talk-Show,0
458,Daily Devotional with Ishah (2011),Family,0
459,Daily Discussions (2016),Talk-Show,0
460,Daily Dose of MMA Now (2016),Sport,0
461,Daily Download (2004),Music,0
462,Daily Finance Newscast (2012),News,0
463,Daily Guinness (1996),Animation,0
464,Daily Mixx (2002),Family,0
465,Daily Mixx (2002),News,0
466,Daily Mixx (2002),Short,0
467,Daily Planet (1996),Documentary,0
468,Daily Planet (1996),News,0
469,Daily ReHash (2013),Comedy,0
470,Daily Record Acoustic Sessions (2008),Music,0
471,Daily Remix (2001),Music,0
472,Daily Shenanigans (2011),Comedy,0
473,Daily Shift (2005),Music,0
474,Daily Shot with Ali Wentworth (2012),Comedy,0
475,Daily Tips for Modern Living (1998),Comedy,0
476,Daily Ukulele (2013),Music,0
477,Daily Ukulele (2013),Short,0
478,Daily at Dawn (1981),Comedy,0
479,DailyBurn (2007),Sport,0
480,Daimajin Kanon (2010),Drama,0
481,Daimei no nai ongakukai (1964),Music,0
482,Daimei no nai ongakukai (1964),Talk-Show,0
483,Daini Gakush? (2013),Drama,0
484,Daini no kekkon (1971),Drama,0
485,Dairy Queens (2013),Comedy,0
486,Daish? (2016),Drama,0
487,Daisuki! Itsutsugo (1999),Drama,0
488,Daisuki!! (2008),Drama,0
489,Daisy Age Diner (2014),Drama,0
490,Daisy Cooks! (2005),Family,0
491,Daisy Does America (2005),Comedy,0
492,Daisy Does America (2005),Reality-TV,0
493,Daisy Fuentes (1994),Talk-Show,0
494,Daisy of Love (2009),Game-Show,0
495,Daisy of Love (2009),Reality-TV,0
496,Daisy of Love (2009),Romance,0
497,Daisy siete (2003),Comedy,0
498,Daisy siete (2003),Drama,0
499,Daisy siete (2003),Romance,0
500,Daithi Lacha (1963),Animation,0
501,Daithi Lacha (1963),Family,0
502,Daitokai - tatakai no hibi (1976),Action,0
503,Daitokai - tatakai no hibi (1976),Drama,0
504,Daitoshokan no Hitsujikai (2014),Animation,0
505,Daitoshokan no Hitsujikai (2014),Comedy,0
506,Daitoshokan no Hitsujikai (2014),Drama,0
507,Daitoshokan no Hitsujikai (2014),Romance,0
508,Daitsuiseki (1978),Drama,0
509,Daiyamondo g?ru (2003),Drama,0
510,Daj mi krila jedan krug (1985),Comedy,0
511,Dak Tandy (????),Comedy,0
512,Dak-chi-go kkot-min-nam baen-deu (2012),Drama,0
513,Dak-chi-go kkot-min-nam baen-deu (2012),Music,0
514,Dak-chi-go kkot-min-nam baen-deu (2012),Romance,0
515,Dak-teo Chaem-peu (2010),Drama,0
516,Dakar ? Bandiagara (2011),Adventure,0
517,"Dakara Boku wa, H ga Dekinai (2012)",Animation,0
518,"Dakara Boku wa, H ga Dekinai (2012)",Comedy,0
519,"Dakara Boku wa, H ga Dekinai (2012)",Romance,0
520,Dakara K?ya (2015),Drama,0
521,Dakhil Washington (2005),News,0
522,Dakika Bi Mallioun (2013),Game-Show,0
523,Dakodak (2012),Drama,0
524,Dakot Shel Tehila (2001),Drama,0
525,Dakota Blue (2007),Comedy,0
526,Dakota Boys (2013),Comedy,0
527,Dakota Tourism Ad War (2009),Comedy,0
528,Dakota Tourism Ad War (2009),Short,0
529,Dakota (2012),Drama,0
530,Dakrismena fegaria (2001),Drama,0
531,Daktari (1966),Adventure,0
532,Daktari (1966),Family,0
533,Dakteo Yibangin (2014),Action,0
534,Dakteo Yibangin (2014),Drama,0
535,Dakteo Yibangin (2014),Romance,0
536,Dakteoseu (2016),Comedy,0
537,Dakteoseu (2016),Drama,0
538,Dakteoseu (2016),Romance,0
539,Dal Ja's Spring (2007),Comedy,0
540,Dal Ja's Spring (2007),Romance,0
541,Dal Mein Kala Hain (1998),Comedy,0
542,Dal-kom-han Na-eui Do-si (2008),Drama,0
543,Dal-kom-han Na-eui Do-si (2008),Romance,0
544,Dalawang tisoy (2007),Comedy,0
545,Daldalita (2011),Comedy,0
546,Daldalita (2011),Drama,0
547,Daldalita (2011),Fantasy,0
548,Daldalita (2011),Musical,0
549,Dale Dwayne Jenkins the Life Ref (2015),Comedy,0
550,Dale Pausa (2014),Talk-Show,0
551,Dale Play (2012),Musical,0
552,Dale al rec (2011),Game-Show,0
553,Dale con Ganas (2012),Game-Show,0
554,Dale's Supermarket Sweep (2007),Game-Show,0
555,Dalec je smrt (2002),Comedy,0
556,Dalek Squad (2014),Comedy,0
557,Daleko od noszy (2003),Comedy,0
558,Daliran Tangestan (1973),War,0
559,Dalkomhan insaeng (2008),Romance,0
560,Dalkomhan seupai (2005),Action,0
561,Dalkomhan seupai (2005),Comedy,0
562,Dalkomhan seupai (2005),Crime,0
563,Dalkomhan seupai (2005),Drama,0
564,Dalkomhan seupai (2005),Romance,0
565,Dalkomsalbeol Paemilri (2015),Comedy,0
566,Dalkomsalbeol Paemilri (2015),Drama,0
567,Dall-As (1985),Talk-Show,0
568,Dallas Car Sharks (2013),Reality-TV,0
569,Dallas Cowboys Cheerleaders: Making the Team (2006),Reality-TV,0
570,Dallas Cowboys Cheerleaders: Making the Team (2006),Sport,0
571,Dallas DNA (2009),Reality-TV,0
572,Dallas Divas & Daughters (2009),Reality-TV,0
573,Dallas SWAT (2006),Reality-TV,0
574,Dallas and Wayne: The Bigfoot Hunters (2010),Reality-TV,0
575,Dallas (1978),Drama,0
576,Dallas (1978),Romance,0
577,Dallas (2012),Drama,0
578,Dallas (2012),Romance,0
579,Dalli Dalli (1971),Game-Show,0
580,Dalli Dalli (1995),Game-Show,0
581,Dalli Dalli (2011),Game-Show,0
582,Dallywood (2009),Comedy,0
583,"Dalrae Doen, Jang-guk: Yisimnyeonmanui Jaehoe (2014)",Comedy,0
584,"Dalrae Doen, Jang-guk: Yisimnyeonmanui Jaehoe (2014)",Drama,0
585,"Dalrae Doen, Jang-guk: Yisimnyeonmanui Jaehoe (2014)",Romance,0
586,Dalryeora Jangmi (2014),Drama,0
587,Dalryeora Jangmi (2014),Romance,0
588,Dalryeora Oleomma (2003),Comedy,0
589,Dalryeora Oleomma (2003),Drama,0
590,Dalryeora Oleomma (2003),Family,0
591,Dalston Superstars (2011),Comedy,0
592,Dalui Yeonin - Bobogyungsim Ryeo (2016),Drama,0
593,Dalui Yeonin - Bobogyungsim Ryeo (2016),Romance,0
594,Dalva e Herivelto: Uma Can??o de Amor (2010),Biography,0
595,Dalva e Herivelto: Uma Can??o de Amor (2010),Drama,0
596,Daly Does Pornstars (2014),Reality-TV,0
597,Daly at Night (1962),Talk-Show,0
598,Dalziel and Pascoe (1996),Crime,0
599,Dalziel and Pascoe (1996),Drama,0
600,Dalziel and Pascoe (1996),Mystery,0
601,Dalziel and Pascoe (1996) {A Clubbable Woman (#1.1)},Crime,0
602,Dalziel and Pascoe (1996) {A Clubbable Woman (#1.1)},Drama,0
603,Dalziel and Pascoe (1996) {A Game of Soldiers (#8.1)},Crime,0
604,Dalziel and Pascoe (1996) {A Game of Soldiers (#8.1)},Drama,0
605,Dalziel and Pascoe (1996) {A Killing Kindness (#2.2)},Crime,0
606,Dalziel and Pascoe (1996) {A Killing Kindness (#2.2)},Drama,0
607,Dalziel and Pascoe (1996) {A Sweeter Lazarus (#5.1)},Crime,0
608,Dalziel and Pascoe (1996) {A Sweeter Lazarus (#5.1)},Drama,0
609,Dalziel and Pascoe (1996) {Above the Law (#5.4)},Crime,0
610,Dalziel and Pascoe (1996) {Above the Law (#5.4)},Drama,0
611,Dalziel and Pascoe (1996) {An Advancement of Learning (#1.2)},Crime,0
612,Dalziel and Pascoe (1996) {An Advancement of Learning (#1.2)},Drama,0
613,Dalziel and Pascoe (1996) {An Autumn Shroud (#1.3)},Crime,0
614,Dalziel and Pascoe (1996) {An Autumn Shroud (#1.3)},Drama,0
615,Dalziel and Pascoe (1996) {Bones and Silence (#3.3)},Crime,0
616,Dalziel and Pascoe (1996) {Bones and Silence (#3.3)},Drama,0
617,Dalziel and Pascoe (1996) {Child's Play (#3.2)},Crime,0
618,Dalziel and Pascoe (1996) {Child's Play (#3.2)},Drama,0
619,Dalziel and Pascoe (1996) {Cunning Old Fox (#5.2)},Crime,0
620,Dalziel and Pascoe (1996) {Cunning Old Fox (#5.2)},Drama,0
621,Dalziel and Pascoe (1996) {Deadheads (#2.3)},Crime,0
622,Dalziel and Pascoe (1996) {Deadheads (#2.3)},Drama,0
623,Dalziel and Pascoe (1996) {Dialogues of the Dead: Part 1 (#7.5)},Crime,0
624,Dalziel and Pascoe (1996) {Exit Lines (#2.4)},Crime,0
625,Dalziel and Pascoe (1996) {Exit Lines (#2.4)},Drama,0
626,Dalziel and Pascoe (1996) {For Love Nor Money (#7.4)},Crime,0
627,Dalziel and Pascoe (1996) {For Love Nor Money (#7.4)},Drama,0
628,Dalziel and Pascoe (1996) {Foreign Bodies (#5.3)},Crime,0
629,Dalziel and Pascoe (1996) {Foreign Bodies (#5.3)},Drama,0
630,Dalziel and Pascoe (1996) {Great Escapes (#8.3)},Crime,0
631,Dalziel and Pascoe (1996) {Great Escapes (#8.3)},Drama,0
632,Dekalog (1989),Drama,0
633,"Dekalog (1989) {Dekalog, cztery (#1.4)}",Drama,0
634,"Dekalog (1989) {Dekalog, dwa (#1.2)}",Drama,0
635,"Dekalog (1989) {Dekalog, dziesiec (#1.10)}",Comedy,0
636,"Dekalog (1989) {Dekalog, dziesiec (#1.10)}",Drama,0
637,"Dekalog (1989) {Dekalog, dziewiec (#1.9)}",Drama,0
638,"Dekalog (1989) {Dekalog, jeden (#1.1)}",Drama,0
639,"Dekalog (1989) {Dekalog, piec (#1.5)}",Drama,0
640,"Dekalog (1989) {Dekalog, szesc (#1.6)}",Drama,0
641,"Dekalog (1989) {Dekalog, trzy (#1.3)}",Drama,0
642,Dekati Entoli (2015),Crime,0
643,Deke Wilson's Mini-Mysteries (1989),Comedy,0
644,Deke Wilson's Mini-Mysteries (1989),Crime,0
645,Deke Wilson's Mini-Mysteries (1989),Mystery,0
646,Dekh Bhai Dekh (1993),Comedy,0
647,Dekho Magar Pyaar Se (2004),Drama,0
648,Dekichatta kekkon (2001),Comedy,0
649,Dekichatta kekkon (2001),Drama,0
650,Dekichatta kekkon (2001),Romance,0
651,Dekin no Onna - Jiken kisha Kurogane (2015),Drama,0
652,Dekirukana (1967),Family,0
653,Dekkariaika (2006),Crime,0
654,Dekkariaika (2006),Talk-Show,0
655,Deksel van de desk (1995),Comedy,0
656,Del 40 al 1 (1990),Music,0
657,Del Boys and Dealers (2014),Reality-TV,0
658,Del Mi±o al Bidasoa (1990),Documentary,0
659,Del Tomate (1993),Comedy,0
660,Del Weston on Film (2013),Talk-Show,0
661,Del altar a la tumba (1969),Drama,0
662,Del altar a la tumba (1969),Mystery,0
663,Del altar a la tumba (1969),Romance,0
664,Del dicho al hecho (1971),Comedy,0
665,Del otro lado (2006),Documentary,0
666,"Dela smeshnye, dela semeynye (1996)",Comedy,0
667,Delayed Blitz (2014),Comedy,0
668,Delayed Teen Angst (2009),Comedy,0
669,Delco Proper (2015),Comedy,0
670,Dele Viaje (2012),Drama,0
671,Delegation (2003),Family,0
672,Delet Haksamim (1974),Family,0
673,Delete (2013),Drama,0
674,Delete (2013),Sci-Fi,0
675,Delete: Humor informßtico (2016),Comedy,0
676,Deleted Deleted Scenes (2012),Comedy,0
677,Deleted Project (2008),Comedy,0
678,Delfy y sus amigos (1992),Adventure,0
679,Delfy y sus amigos (1992),Animation,0
680,Delfy y sus amigos (1992),Family,0
681,Delhis vackraste h?nder (2016),Comedy,0
682,Delhis vackraste h?nder (2016),Drama,0
683,Deli Y?rek (1999),Adventure,0
684,Deli Y?rek (1999),Crime,0
685,Deli Y?rek (1999),Drama,0
686,Deli Y?rek (1999),Thriller,0
687,Deli divane (1997),Drama,0
688,Delia Scala Story (1968),Musical,0
689,Delia (2008),Family,0
690,Deliciosamente absurdos (1983),Comedy,0
691,Delicious TV's Totally Vegetarian (2005),Documentary,0
692,Delicious (2016),Comedy,0
693,Delicious (2016),Drama,0
694,Deliciously Diverse (2016),Adventure,0
695,Deliciously Entertaining (2011),Talk-Show,0
696,Deligianneion Parthenagogeion (2007),Comedy,0
697,Delikatessen (1998),Comedy,0
698,Delilah & Julius (2005),Animation,0
699,Delilah (1973),Comedy,0
700,Delirios de amor (1989),Drama,0
701,Delirios de amor (1989) {Pßrpados (#1.13)},Short,0
702,Delirios de amor (1989) {Un instante en tu piel (#1.10)},Drama,0
703,Delirium Death Trap (????),Action,0
704,Delirium Death Trap (????),Adventure,0
705,Delirium Death Trap (????),Sci-Fi,0
706,Delitti privati (1993),Mystery,0
707,Delitti (2005),Crime,0
708,Delitti (2005),Documentary,0
709,Delitto Patern? (1978),Drama,0
710,Deliver Me (2008),Reality-TV,0
711,Dell & Richthoven (2008),Crime,0
712,Dell O'Dell Show (1951),Family,0
713,Della (1969),Talk-Show,0
714,Dellaventura (1997),Drama,0
715,Dellijiet (2009),Crime,0
716,Dellings Woche (2007),Talk-Show,0
717,Delmer & Marta (2016),Comedy,0
718,Delnavazan (2009),Drama,0
719,Delo Astakhova (2009),Crime,0
720,Delo Batagami (2014),Action,0
721,Delo Batagami (2014),Drama,0
722,Delo Batagami (2014),Thriller,0
723,Delo Sukhovo-Kobylina (1991),Biography,0
724,Delo Sukhovo-Kobylina (1991),Drama,0
725,Delo bilo v Gavrilovke (2007),Comedy,0
726,Delo bilo v Gavrilovke-2 (2008),Crime,0
727,Delo chesti (2013),Action,0
728,Delo gastronoma No. 1 (2011),Drama,0
729,Delo gastronoma No. 1 (2011),History,0
730,Delo o 'Myortvykh dushakh' (2005),Adventure,0
731,Delo o 'Myortvykh dushakh' (2005),Comedy,0
732,Delo o 'Myortvykh dushakh' (2005),Drama,0
733,Delo o Maikle Karmane (2016),Horror,0
734,Delo o Maikle Karmane (2016),Mystery,0
735,Delo poruchaetsya detektivu Teddi (1976),Animation,0
736,Delo sledovatelya Nikitina (2012),Drama,0
737,Delocated (2009),Comedy,0
738,Delovaya Moskva (2006),News,0
739,Delphin-Kinder (2005),Documentary,0
740,Delphin-Kinder (2005),Reality-TV,0
741,Delphis (2011),Comedy,0
742,Delphis (2011) {Tea Party (#1.1)},Comedy,0
743,Delphis (2011) {Tea Party (#1.1)},Short,0
744,Delta Divers (2010),Documentary,0
745,Delta Force: Hardkill (2015),Comedy,0
746,Delta Forever (2008),Comedy,0
747,Delta House (1979),Comedy,0
748,Delta State (2004),Animation,0
749,Delta State (2004),Sci-Fi,0
750,Delta Stone (2016),Music,0
751,Delta Team - Auftrag geheim! (1999),Action,0
752,Delta Wave (1996),Short,0
753,Delta (1969),Adventure,0
754,Delta (1992),Comedy,0
755,Delta (2013/I),Horror,0
756,Delta (2013/II),Action,0
757,Deluded (2013),Comedy,0
758,Delusion (????),Adventure,0
759,Delusional Downtown Divas (2009),Comedy,0
760,Delusions of Grandeur (2012),Comedy,0
761,"Deluxe - Alles, was Spa? macht (2007)",News,0
762,Deluxe (1995),Documentary,0
763,Delvecchio (1976),Crime,0
764,Delvecchio (1976),Drama,0
765,Del?cias da Vida Conjugal (1953),Comedy,0
766,Dem T?ter auf der Spur (1967),Crime,0
767,Dem T?ter auf der Spur (1967) {10 Kisten Whisky (#1.2)},Crime,0
768,Dem T?ter auf der Spur (1967) {Am Rande der Manege (#1.1)},Crime,0
769,Dem T?ter auf der Spur (1967) {Blinder Ha? (#1.16)},Crime,0
770,Dem T?ter auf der Spur (1967) {Der Tod in der Maske (#1.14)},Comedy,0
771,Dem T?ter auf der Spur (1967) {Der Tod in der Maske (#1.14)},Crime,0
772,Dem T?ter auf der Spur (1967) {Der Tod in der Maske (#1.14)},Drama,0
773,Dem T?ter auf der Spur (1967) {Familien?rger (#1.5)},Crime,0
774,Dem T?ter auf der Spur (1967) {Flugstunde (#1.11)},Crime,0
775,Dem T?ter auf der Spur (1967) {Frau gesucht... (#1.6)},Crime,0
776,Dem T?ter auf der Spur (1967) {Froschm?nner (#1.8)},Crime,0
777,Dem T?ter auf der Spur (1967) {In Sch÷nheit sterben (#1.12)},Crime,0
778,Dem T?ter auf der Spur (1967) {Kein Hafer f?r Nicolo (#1.15)},Crime,0
779,Dem T?ter auf der Spur (1967) {Ohne Kranz und Blumen (#1.13)},Crime,0
780,Dem T?ter auf der Spur (1967) {Puppen reden nicht (#1.7)},Crime,0
781,Dem T?ter auf der Spur (1967) {Schlagzeile - Mord (#1.9)},Crime,0
782,Dem T?ter auf der Spur (1967) {Schrott (#1.3)},Crime,0
783,Dem T?ter auf der Spur (1967) {Stellwerk 3 (#1.17)},Crime,0
784,Dem T?ter auf der Spur (1967) {Tod am Steuer (#1.10)},Crime,0
785,Dem Verbrechen auf der Spur - 200 Jahre Kriminalgeschichte (2011),Documentary,0
786,Demain l'amour (1986),Drama,0
787,Deman (1998),Crime,0
788,Deman (1998),Drama,0
789,Demanded (2009),Music,0
790,Demashita! Powerpuff Girls Z (2006),Animation,0
791,Demasiada belleza (2003),Romance,0
792,Demasiado Tarde (2009),News,0
793,Demasiado Tarde (2009),Talk-Show,0
794,Dema±ananopasa (2012),Comedy,0
795,Demente Criminal (2015),Mystery,0
796,Demente Criminal (2015),Thriller,0
797,Demente (2009),Crime,0
798,Demente (2009),Horror,0
799,Demente (2009),Mystery,0
800,Demente (2009),Thriller,0
801,Demented Drive in Theater (2001),Comedy,0
802,Demented Features (2012),Comedy,0
803,Demented Features (2012),Horror,0
804,Demented Features (2012),Sci-Fi,0
805,Demented Features (2012),Thriller,0
806,Dementi (2004),Talk-Show,0
807,Dementia's Doorway (2013),Sci-Fi,0
808,Dementia's Doorway (2013),Short,0
809,Demetrio Pianelli (1963),Drama,0
810,Demi's in Chains (2016),Action,0
811,Demirkirat: Bir Demokrasinin Dogusu (1991),Documentary,0
812,Demirkirat: Bir Demokrasinin Dogusu (1991),History,0
813,Demo Gods (2015),Reality-TV,0
814,Demo Man Urban Miners (2011),Reality-TV,0
815,Demo Reel (2012),Comedy,0
816,Demob (1993),Comedy,0
817,Demob (1993),Drama,0
818,Democracy Now! (2001),News,0
819,Democracy Now! (2001),Talk-Show,0
820,Demokratie - Die Show (2012),Comedy,0
821,Demolition Dad (2006),Drama,0
822,Demolition Day (2004),Reality-TV,0
823,Demolition (2005),Documentary,0
824,Demolition: The Wrecking Crew (2015),Documentary,0
825,Demon Cleaners (2013),Horror,0
826,Demon Princes (2016),Sci-Fi,0
827,Demon Tattoo (2013) {{SUSPENDED}},Horror,0
828,Demon X (2016),Adventure,0
829,Demon's Souls: Lo Spirito della Riscoperta (2014),Documentary,0
830,Demonat na imperiyata (1971),Adventure,0
831,Demonico (2017),Action,0
832,Demons in the City of Angels (2015),Reality-TV,0
833,Demons (2009),Drama,0
834,Demons (2009),Family,0
835,Demons (2009),Fantasy,0
836,Demons (2009),Thriller,0
837,Demons (2014),Drama,0
838,Demonstrations in Physics (1969),Documentary,0
839,Demony (2011),Crime,0
840,Dempa Connection (2012),Action,0
841,Die Kulturakte (2011),Documentary,0
842,Die Kulturakte (2011),History,0
843,Die Kulturakte (2011),Music,0
844,Die Kulturakte (2011) {Die Akte Beethoven (#1.5)},Documentary,0
845,Die Kulturakte (2011) {Die Akte Kleist (#1.1)},History,0
846,Die Kulturakte (2011) {Wagnerwahn (#1.2)},Documentary,0
847,Die Kulturakte (2011) {Wagnerwahn (#1.2)},Drama,0
848,Die Kumpel (2001),Crime,0
849,Die Kumpel (2001) {Mannis Heimkehr (#1.0)},Crime,0
850,Die Kunst des Dirigierens (1965),Music,0
851,Die Kur (1978),Comedy,0
852,Die Kur (1978),Family,0
853,Die Kurt Kr÷mer Show (2004),Comedy,0
854,Die Kurt Kr÷mer Show (2004),Talk-Show,0
855,Die K÷nigskinder (2007),Biography,0
856,Die K÷nigskinder (2007),Documentary,0
857,Die K?ste umsonst (2007),Documentary,0
858,Die K?ste umsonst (2007),Reality-TV,0
859,Die K?sten des Nordens (2010),Documentary,0
860,Die Land?rztin (2005),Drama,0
861,Die Land?rztin (2005) {Aus heiterem Himmel (#1.3)},Drama,0
862,Die Land?rztin (2005) {Aus heiterem Himmel (#1.3)},Family,0
863,Die Land?rztin (2005) {Aus heiterem Himmel (#1.3)},Romance,0
864,Die Land?rztin (2005) {Der Vaterschaftstest (#1.4)},Drama,0
865,Die Land?rztin (2005) {Der Vaterschaftstest (#1.4)},Family,0
866,Die Land?rztin (2005) {Der Vaterschaftstest (#1.4)},Romance,0
867,Die Land?rztin (2005) {Diagnose Tollwut (#1.2)},Drama,0
868,Die Laubenpieper von Pankow (2008),Documentary,0
869,Die Laubenpieper von Pankow (2008),Reality-TV,0
870,Die Laubenpieper (1963),Drama,0
871,Die Laurents (1981),Drama,0
872,Die Lebenden und die Toten (2017),Crime,0
873,Die Lederstrumpferz?hlungen (1969),Adventure,0
874,Die Lederstrumpferz?hlungen (1969),Western,0
875,Die Lederstrumpferz?hlungen (1969) {Der Wildt÷ter (#1.1)},Adventure,0
876,Die Lederstrumpferz?hlungen (1969) {Der letzte Mohikaner (#1.2)},Western,0
877,Die Lehrer (2016),Comedy,0
878,Die Leute von St. Benedikt (1992),Drama,0
879,Die Leute von St. Benedikt (1992),Family,0
880,Die Lotto-Show (1998),Family,0
881,Die Lotto-Show (1998),Game-Show,0
882,Die LottoK÷nige (2012),Comedy,0
883,Die Lottosieger (2009),Comedy,0
884,Die Ludolfs - 4 Br?der auf'm Schrottplatz (2006),Documentary,0
885,Die Ludolfs - 4 Br?der auf'm Schrottplatz (2006),Reality-TV,0
886,Die Lugners (2003),Reality-TV,0
887,Die MDR Hitparade (2007),Music,0
888,Die Machtergreifung (2009),Documentary,0
889,Die Magermilchbande (1979),Drama,0
890,Die Magermilchbande (1979),War,0
891,Die Mannheim-Sage (1986),Drama,0
892,Die Manns - Ein Jahrhundertroman (2001),Biography,0
893,Die Manns - Ein Jahrhundertroman (2001),Drama,0
894,Die Marco Rima Show (2008),Comedy,0
895,Die Marco-Polo-F?hrte (2011),Documentary,0
896,Die Marquise von B. (1970),Drama,0
897,Die Martin-St.-James-Show (1976),Family,0
898,Die Meister der Comedy... erkl?ren die Welt! (2007),Comedy,0
899,Die Melchiors (1972),Drama,0
900,Die Menschen im Meer (2005),Documentary,0
901,Die Menschen von Weesenstein (2002),Documentary,0
902,Die Mike Kr?ger Show (1991),Talk-Show,0
903,Die Millionenshow (2000),Family,0
904,Die Millionenshow (2000),Game-Show,0
905,Die Mockridges - Eine Knallerfamilie (2015),Comedy,0
906,Die Model WG (2010),Reality-TV,0
907,Die Modellbauer (2009),Documentary,0
908,Die Modellbauer (2009),Reality-TV,0
909,Die Modemacher (2011),Game-Show,0
910,Die Modemacher (2011),Reality-TV,0
911,Die Moden-Show (1968),Documentary,0
912,Die Mongolen (2005),Documentary,0
913,Die Montagsfamilie (1986),Comedy,0
914,Die Montagsfamilie (1986),Drama,0
915,Die Montagsfamilie (1986),Family,0
916,Die Montagsmaler (1974),Comedy,0
917,Die Montagsmaler (1974),Family,0
918,Die Montagsmaler (1974),Game-Show,0
919,Die Montagsproduktionen (1999),Documentary,0
920,Die Moralapostel (2013),Talk-Show,0
921,Die Motorrad-Cops: Hart am Limit (2000),Action,0
922,Die Motorrad-Cops: Hart am Limit (2000),Crime,0
923,Die Motorrad-Cops: Hart am Limit (2000) {Ypsilon - Wie alles begann (#1.0)},Crime,0
924,Die Muminfamilie (1959),Family,0
925,Die Museumsratten (1967),Family,0
926,Die Mutigen (2006),Documentary,0
927,Die MyVideo-Show (2006),Comedy,0
928,Die M?dchen-Gang (2010),Reality-TV,0
929,Die M?nner vom Berg (2012),Documentary,0
930,Die M?nner vom Berg (2012),Reality-TV,0
931,Die M?nner vom K3 (1988) {Auf Sand gebaut (#2.5)},Crime,0
932,Die M?nner vom K3 (1988) {Auge um Auge (#2.1)},Crime,0
933,Die M?nner vom K3 (1988) {Blutrache (#3.23)},Crime,0
934,Die M?nner vom K3 (1988) {Blutsverwandtschaft (#3.15)},Crime,0
935,Die M?nner vom K3 (1988) {Das dritte M?dchen (#3.5)},Crime,0
936,Die M?nner vom K3 (1988) {Der Deichm÷rder (#3.12)},Crime,0
937,Die M?nner vom K3 (1988) {Der Mann im Dunkeln (#1.5)},Crime,0
938,Die M?nner vom K3 (1988) {Der Vollmondm÷rder (#2.3)},Crime,0
939,Die M?nner vom K3 (1988) {Diamanten machen Freunde (#1.4)},Crime,0
940,Die M?nner vom K3 (1988) {Dreckiges Geld (#3.2)},Crime,0
941,Die M?nner vom K3 (1988) {Ein friedliches Dorf (#3.7)},Crime,0
942,Die M?nner vom K3 (1988) {Ein ganz allt?glicher Fall (#2.6)},Crime,0
943,Die M?nner vom K3 (1988) {Ein langes Wochenende (#2.4)},Crime,0
944,Die M?nner vom K3 (1988) {Eine saubere Stadt (#3.13)},Crime,0
945,Die M?nner vom K3 (1988) {Ende eines Sch?rzenj?gers (#3.8)},Crime,0
946,Die M?nner vom K3 (1988) {Gesch?ft mit dem Tod (#3.9)},Crime,0
947,Die M?nner vom K3 (1988) {Halali f?r einen Jagdfreund (#2.7)},Crime,0
948,Die M?nner vom K3 (1988) {Harrys Pech (#3.19)},Crime,0
949,Die M?nner vom K3 (1988) {Jugendliebe (#3.20)},Crime,0
950,Die M?nner vom K3 (1988) {Keine Chance zu gewinnen (#3.6)},Crime,0
951,Die M?nner vom K3 (1988) {Kurz nach Mitternacht (#3.11)},Crime,0
952,Die M?nner vom K3 (1988) {Liebestest (#3.17)},Crime,0
953,Die M?nner vom K3 (1988) {Made in Hongkong (#3.4)},Crime,0
954,Die M?nner vom K3 (1988) {Narkose f?rs Jenseits (#2.2)},Crime,0
955,Die M?nner vom K3 (1988) {Spiel ?ber zwei Banden (#1.2)},Crime,0
956,Die M?nner vom K3 (1988) {Tanz auf dem Seil (#3.3)},Crime,0
957,Die M?nner vom K3 (1988) {Tod eines Festmachers (#3.18)},Crime,0
958,Die M?nner vom K3 (1988) {Tomskys letzte Reise (#3.10)},Crime,0
959,Die M?nner vom K3 (1988) {Tyrannenmord (#3.21)},Crime,0
960,Die M?nner vom K3 (1988) {T÷dlicher Export (#1.6)},Crime,0
961,Die M?nner vom K3 (1988) {T÷dliches Spiel (#3.16)},Crime,0
962,"Die M?nner vom K3 (1988) {Volle Deckung, Kopf runter! (#1.8)}",Crime,0
963,Die M?nner vom K3 (1988) {Zu hoch gepokert (#3.1)},Crime,0
964,Die M?hlenkobolde (1991),Animation,0
965,Die NDR Quizshow (2000),Game-Show,0
966,Die NEX-5N von Sony im Detail (2011),Short,0
967,Die Nacht mit... Anna Bosch (2010),Talk-Show,0
968,Die Nacht (2001),News,0
969,Die Nacht/La Nuit (2001),Documentary,0
970,Die Nacht/La Nuit (2005),Documentary,0
971,Die Nervens?ge (1985),Comedy,0
972,Die Neue - Eine Frau mit Kaliber (1998),Crime,0
973,Die Neue - Eine Frau mit Kaliber (1998) {Jagdfieber (#1.0)},Crime,0
974,Die Nibelungen (1967),Drama,0
975,Die Niels Ruf Show (2006),Comedy,0
976,Die Nonne und Herr Jilg (2012),Documentary,0
977,Die Nostalgiker in: VHS-Flashback (2015),Comedy,0
978,Die Oase (1993),Crime,0
979,Die Odyssee des Menschen (2001),Documentary,0
980,Die Ohnsorgs (1996),Comedy,0
981,Die Olchis (2011),Family,0
982,Die Oliver Gei?en Show (1999),Talk-Show,0
983,Die Oliver Pocher Show (2009),Comedy,0
984,Die Oliver Pocher Show (2009),Music,0
985,Die Oliver Pocher Show (2009),Talk-Show,0
986,Die Opodeldoks (1980),Family,0
987,Die Ostfriesland Saga (2006),Documentary,0
988,Die Partner (1995),Action,0
989,Die Partner (1995),Crime,0
990,Die Patin - Kein Weg zur?ck (2008),Crime,0
991,Die Patin - Kein Weg zur?ck (2008),Drama,0
992,Die Patin - Kein Weg zur?ck (2008),Thriller,0
993,Die Patriarchin (2005),Drama,0
994,Die Perle - Aus dem Tagebuch einer Hausgehilfin (1969),Comedy,0
995,Die Perle - Aus dem Tagebuch einer Hausgehilfin (1969),Crime,0
996,Die Pferdefl?sterin (2006),Documentary,0
997,Die Pferdefl?sterin (2006),Reality-TV,0
998,Die Pferdeprofis (2012),Reality-TV,0
999,Die Pfotenbande (2011),Family,0
1000,Die Piefke-Saga (1990),Drama,0
1001,Die Pilgerin (2014),Drama,0
1002,Die Politesse (2005),Comedy,0
1003,Die Pool Champions - Promis unter Wasser (2013),Game-Show,0
1004,Die Pool Champions - Promis unter Wasser (2013),Reality-TV,0
1005,Die Pool Champions - Promis unter Wasser (2013),Sport,0
1006,Die Popakademie (2005),Documentary,0
1007,Die Popakademie (2005),Reality-TV,0
1008,Die Porsche-Saga (2018),Drama,0
1009,Die Post geht ab! (1993),Game-Show,0
1010,Die ProSieben M?rchenstunde (2006),Comedy,0
1011,Die ProSieben M?rchenstunde (2006),Fantasy,0
1012,Die ProSieben M?rchenstunde (2006) {Aschenputtel - F?r eine Handvoll Tauben (#3.2)},Comedy,0
1013,Die ProSieben M?rchenstunde (2006) {Der gestiefelte Kater - Catman Begins (#3.1)},Comedy,0
1014,Die ProSieben M?rchenstunde (2006) {Die Prinzessin auf der Erbse - Qual der Wahl royal (#3.3)},Comedy,0
1015,Die ProSieben M?rchenstunde (2006) {Frau Holle - Im Himmel ist die H÷lle los (#2.4)},Comedy,0
1016,Die ProSieben M?rchenstunde (2006) {Froschk÷nig - Im Brunnen h÷rt dich niemand schreien (#2.3)},Comedy,0
1017,Die ProSieben M?rchenstunde (2006) {Hans im Gl?ck - Tauschrausch im M?rchenland (#2.2)},Comedy,0
1018,Die ProSieben M?rchenstunde (2006) {Rapunzel oder Mord ist ihr Hobby (#1.2)},Comedy,0
1019,Die ProSieben M?rchenstunde (2006) {Rotk?ppchen - Wege zum Gl?ck (#1.1)},Comedy,0
1020,Die ProSieben M?rchenstunde (2006) {Rumpelstilzchen - Auf Wache im M?rchenwald (#1.4)},Comedy,0
1021,"Die ProSieben M?rchenstunde (2006) {Tischlein deck dich - Esel, Ziegen, echte M?nner (#2.1)}",Comedy,0
1022,Die ProSieben M?rchenstunde (2006) {Zwerg Nase - 4 F?uste f?r ein Zauberkraut (#1.3)},Comedy,0
1023,Die Promi Griller (2013),Reality-TV,0
1024,Die Promi-Pauker (2010),Reality-TV,0
1025,Die Promi-Singles: Traumfrau sucht Mann (2009),Reality-TV,0
1026,Die Promicamper (2011),Reality-TV,0
1027,Die Promik?che (2006),Reality-TV,0
1028,Die Protokolle des Herrn M (1979),Crime,0
1029,Die Pulverm?nner (1972),Family,0
1030,Die Putzteufel - Deutschland macht sauber (2003),Reality-TV,0
1031,Die Putzteufelin (2012),Reality-TV,0
1032,Die Pyramide (1979),Game-Show,0
1033,Die Pyramide (2012),Game-Show,0
1034,Die Quiz Show (2000),Documentary,0
1035,Die Quiz Show (2000),Family,0
1036,Die Quizshow mit J÷rg Pilawa (2012),Game-Show,0
1037,Die RTL Comedy Woche (2012),Comedy,0
1038,Die Rache der Sch÷pfung (2005),Documentary,0
1039,Die Rechte der Kinder (1997),Family,0
1040,Die Redaktion (1995),Documentary,0
1041,Die Reiter von Padola (1970),Adventure,0
1042,Die Reporter der Windrose berichten (1961),Documentary,0
1043,Die Rettungsflieger (1997),Drama,0
1044,Die Reventlow (1980),Drama,0
1045,Die Ringstra?e - Trilogie eines Boulevards (2015),Documentary,0
1046,Die Rockies (2006),Documentary,0
1047,Die Rosenheim-Cops (2002),Comedy,0
1048,Die Rosenheim-Cops (2002),Crime,0
1049,Die Rosenheim-Cops (2002) {Eine Leiche on the Rocks (#5.0)},Crime,0
1050,Die Rudi Carrell Show (1965),Comedy,0
1051,Die Rudi Carrell Show (1965),Family,0
1052,Die Rudi Carrell Show (1965),Music,0
1053,Die Rudi Carrell Show (1988),Family,0
1054,Die R?tsel des Pharao (2008),Family,0
1055,Die R?tsel des Pharao (2008),Game-Show,0
1056,Die R?ckblende (1961),Comedy,0
1057,Die R?ckkehr der Plagen (2007),Documentary,0
1058,Die R?ckwanderer (2008),Documentary,0
1059,Die R?ckwanderer (2008),Reality-TV,0
1060,Die SS - Eine Warnung der Geschichte (2002),Documentary,0
1061,Die Schatzinsel (1966),Adventure,0
1062,Die Schatzinsel (1966),Family,0
1063,Die Schiller-Gang (2001),Documentary,0
1064,Die Schlager des Jahres (1995),Music,0
1065,Die Schlagerparade der Volksmusik (1989),Music,0
1066,Die Schn?ppchenh?user - Der Traum vom Eigenheim (2010),Reality-TV,0
1067,Die Schraiers (1982),Drama,0
1068,Die Schrauber-Familie (2009),Documentary,0
1069,Die Schrauber-Familie (2009),Reality-TV,0
1070,Die Schule der kleinen Vampire (2006),Animation,0
1071,Die Schule der kleinen Vampire (2006),Comedy,0
1072,Die Schule der kleinen Vampire (2006),Horror,0
1073,Die Schule der kleinen Vampire (2006),Romance,0
1074,Die Schulermittler (2009),Drama,0
1075,Die Schulermittler (2009),Reality-TV,0
1076,Die Schwarzwaldklinik (1985),Drama,0
1077,Die Schweiz umsonst (2013),Reality-TV,0
1078,Die Schweizer - Les Suisses - Gli Svizzeri - Ils Svizzers (2013),Biography,0
1079,Die Schweizer - Les Suisses - Gli Svizzeri - Ils Svizzers (2013),Drama,0
1080,Die Schweizer - Les Suisses - Gli Svizzeri - Ils Svizzers (2013),History,0
1081,Die Sch÷ffin (1984),Drama,0
1082,Die Sch÷ffin (1984),Family,0
1083,"Die Sch÷ne, das Biest und die Oma (2014)",Comedy,0
1084,Die Sch÷neberger Show (2003),Game-Show,0
1085,Die Sch÷neberger Show (2003),Talk-Show,0
1086,Die Sch÷ngrubers (1972),Comedy,0
1087,Die Sch÷ngrubers (1972),Family,0
1088,Die Selberbauer (2003),Documentary,0
1089,Die Selberbauer (2003),Reality-TV,0
1090,Die Sendung mit Paul (1973),Music,0
1091,Die Sendung mit dem Elefanten (2007),Family,0
1092,Die Sendung mit der Maus (1971),Animation,0
1093,How To... (2015),Adventure,0
1094,How Wars Begin (1977),History,0
1095,How Was Your Day? (2014),Comedy,0
1096,How We Built Britain (2007),Documentary,0
1097,How We Built Britain (2007),History,0
1098,How We Do It (2015),Comedy,0
1099,How We Got Here (2015),History,0
1100,How We Got to Now (2014),Documentary,0
1101,How We Got to Now (2014),History,0
1102,How We Invented the World (2012),Documentary,0
1103,How We Make Movies (2012),Talk-Show,0
1104,How We Roll (2016),Documentary,0
1105,How We Used to Live (1968),History,0
1106,How We Used to Live: A Giant in Ancient Egypt (2002),Drama,0
1107,How Wide Is the Web? (2014),Comedy,0
1108,How the Brits Rocked America (2012),Documentary,0
1109,How the Celts Saved Britain (2009),Documentary,0
1110,How the Earth Was Made (2009),Documentary,0
1111,How the Earth Was Made (2009),History,0
1112,How the Earth Works (2013) {Asteroid Armageddon (#1.2)},Documentary,0
1113,How the Earth Works (2013) {Can Krakatoa Stop Time? (#1.1)},Documentary,0
1114,How the Earth Works (2013) {Ice Age or Hell Fire? (#1.7)},Documentary,0
1115,How the Earth Works (2013) {Japanese Death Match (#1.8)},Documentary,0
1116,How the Earth Works (2013) {The Rockies Built the Atom Bomb (#1.6)},Documentary,0
1117,How the Earth Works (2013) {Will Europe Burn in Hell? (#1.5)},Documentary,0
1118,How the Earth Works (2013) {Will Hawaii Sink L.A.? (#1.4)},Documentary,0
1119,How the Earth Works (2013) {Will Iceland Poison the Skies? (#1.3)},Documentary,0
1120,How the Other Half Live (2009),Reality-TV,0
1121,How the Other Half Lives (2010),Documentary,0
1122,How the States Got Their Shapes (2011),Adventure,0
1123,How the States Got Their Shapes (2011),Documentary,0
1124,How the States Got Their Shapes (2011),History,0
1125,How the Universe Works (2010),Documentary,0
1126,How the West Was Lost (1993),Documentary,0
1127,How the West Was Made (2006),Documentary,0
1128,How the West Was Won (1976),Western,0
1129,How the Wild West Was Won with Ray Mears (2014),Documentary,0
1130,How to Bake It in Hollywood (2013),Reality-TV,0
1131,How to Be Black? (????),Comedy,0
1132,How to Be Bohemian with Victoria Coren Mitchell (2015),Documentary,0
1133,How to Be Bohemian with Victoria Coren Mitchell (2015),History,0
1134,How to Be Cool (2020) {{SUSPENDED}},Action,0
1135,How to Be Cool (2020) {{SUSPENDED}},Crime,0
1136,How to Be Cool (2020) {{SUSPENDED}},Thriller,0
1137,How to Be Epic @ Everything (2013),Family,0
1138,How to Be Excellent (2013),Comedy,0
1139,How to Be Gay (2014),Comedy,0
1140,How to Be Hot (2014),Comedy,0
1141,How to Be Indie (2009),Comedy,0
1142,How to Be Indie (2009),Family,0
1143,How to Be Old (2009),Comedy,0
1144,How to Be Today's Action Hero (2013),Comedy,0
1145,How to Be Very Very Good at Editing (2015),Reality-TV,0
1146,How to Be a Gardener (2002),Documentary,0
1147,How to Be a Gentleman (2011),Comedy,0
1148,How to Be a Good Mother with Sharon Horgan (2012),Documentary,0
1149,How to Be a Grown Up (2014),Comedy,0
1150,How to Be a Lady (2017),Fantasy,0
1151,How to Be a Little Sod (1995),Comedy,0
1152,How to Be a Property Developer (2004),Documentary,0
1153,How to Be a Startup in 21 Days (2016),Drama,0
1154,How to Be a Vampire (2016),Comedy,0
1155,How to Be a Vampire (2016),Musical,0
1156,How to Be an Actor (2013),Comedy,0
1157,How to Be an Adventurer (2015),Comedy,0
1158,How to Be an Alien (1964),Comedy,0
1159,How to Beat Your Sister-in-Law (at everything) (2017),Comedy,0
1160,How to Become an Internet Celebrity (2007),Comedy,0
1161,How to Become an Internet Celebrity (2007),Short,0
1162,How to Boil Water (1993),Documentary,0
1163,How to Break Up with Your Girlfriend Before Football Season (2014),Comedy,0
1164,How to Build a Human (2001),Documentary,0
1165,How to Build a Planet (2013),Documentary,0
1166,How to Build... (2010),Documentary,0
1167,How to Cheat the Blueprint (2014),Comedy,0
1168,How to Con (2013),Thriller,0
1169,How to Do Florida (2010),Adventure,0
1170,How to Do It (2012),Comedy,0
1171,How to Do Things (2013),Comedy,0
1172,How to Dump Your Mates (2006),Documentary,0
1173,How to Fake It in America (2010),Comedy,0
1174,How to Find Love Online (2013),Documentary,0
1175,How to Find a Husband... (2006),Documentary,0
1176,How to Get Away with Murder (2014),Crime,0
1177,How to Get Away with Murder (2014),Drama,0
1178,How to Get Away with Murder (2014),Mystery,0
1179,How to Get Away with Murder (2014),Thriller,0
1180,How to Get Laid (2014),Comedy,0
1181,How to Get Lost (2011),Adventure,0
1182,How to Get Lucky (2005),Documentary,0
1183,How to Get More Sex (2008),Documentary,0
1184,How to Get Swagger (2012),Comedy,0
1185,How to Get What You Want (2010),Documentary,0
1186,How to Get Your Dream Job (2006),Reality-TV,0
1187,How to Get a Council House (2013),Documentary,0
1188,How to Get the Guy (2006),Reality-TV,0
1189,How to Get the Guy (2006),Romance,0
1190,How to Grow Up (2013) {{SUSPENDED}},Comedy,0
1191,How to Grow Up (2016),Comedy,0
1192,How to Grow a Planet (2012),Documentary,0
1193,How to Hate Yourself (2015),Comedy,0
1194,How to Have Fun! (2011),Family,0
1195,How to Have Sex After Marriage (2007),Reality-TV,0
1196,Iconoclasts (2005),Documentary,0
1197,Icons Spotlight (2016),Talk-Show,0
1198,Icons of Science (2006),Documentary,0
1199,Icons of Science (2006),Mystery,0
1200,Icons (2002),Documentary,0
1201,Icons (2002) {Mark Cuban (#3.15)},Documentary,0
1202,Icons (2002) {Splinter Cell (#4.2)},Documentary,0
1203,Icons (2002) {The Lord of the Rings (#1.18)},Documentary,0
1204,Icons (2005),Talk-Show,0
1205,Icons (2006),Biography,0
1206,Icons (2006),Comedy,0
1207,Ic?nes du Crime (2015),Documentary,0
1208,Id (2015),Thriller,0
1209,Ida & Vuelta (2007),Documentary,0
1210,Ida tzairous eftasame (1985),Comedy,0
1211,Ida tzairous eftasamen (2000),Comedy,0
1212,Idaho Boys (2016) {{SUSPENDED}},Comedy,0
1213,Idaho Media Showcase (2012),Talk-Show,0
1214,Idaman 2 (1998),Drama,0
1215,Idaman (1998),Drama,0
1216,Idan jengi (1993),Comedy,0
1217,Idan jengi (1993),Drama,0
1218,Idaten Jump (2005),Animation,0
1219,Ideal (2005),Comedy,0
1220,Idealnaya para (2001),Comedy,0
1221,Idealnaya para (2001),Crime,0
1222,Idealne veze (2005),Comedy,0
1223,Idealnyy brak (2013),Comedy,0
1224,Ideas Men (2013),Comedy,0
1225,Ideas That Changed the World (2010),Documentary,0
1226,IdeateTV (2011),News,0
1227,Ideias Com Hist?ria (1993),Biography,0
1228,Ideias Com Hist?ria (1993),History,0
1229,Ideias Com Hist?ria (1993),Talk-Show,0
1230,Idemo u ZOO (2014),Family,0
1231,Identical (2016),Sci-Fi,0
1232,Identidad (2007),Game-Show,0
1233,Identidades productivas (2010),Documentary,0
1234,Identify (1949),Game-Show,0
1235,Identitats - Rastres (1985),Talk-Show,0
1236,Identitats (1984),Biography,0
1237,Identity (2006),Game-Show,0
1238,Identity (2007/I),Game-Show,0
1239,Identity (2007/II),Game-Show,0
1240,Identity (2010),Crime,0
1241,Identity (2010),Drama,0
1242,Identity (2010),Mystery,0
1243,Identity (2013),Drama,0
1244,Identit? 2.0 (2013),Documentary,0
1245,Ide?grafo (2008),Documentary,0
1246,Idiaitera gia klamata (2000),Comedy,0
1247,Idiaitera gia klamata (2000),Romance,0
1248,Idiosincrasia de los Argentinos (2013),Documentary,0
1249,Idiot Hall of Fame (2009),Comedy,0
1250,Idiot Savants (1996),Comedy,0
1251,Idiot Savants (1996),Game-Show,0
1252,Idiot (1991),Drama,0
1253,Idiot (2003),Drama,0
1254,Idiot's Guide to Becoming a Film Maker (2014),Comedy,0
1255,Idiotest (2014),Game-Show,0
1256,Idiots of Steel (2010),Animation,0
1257,Idiotsitter (2014),Comedy,0
1258,Idir Mna (2009),Drama,0
1259,Iditarod (2008),Documentary,0
1260,Iditarod (2008),Reality-TV,0
1261,Idle Talk (2013),Talk-Show,0
1262,Idle Times (2012),Drama,0
1263,Idol - Jakten p? en superstjerne (2003),Family,0
1264,Idol - Jakten p? en superstjerne (2003),Game-Show,0
1265,Idol - Jakten p? en superstjerne (2003),Music,0
1266,Idol Angel Yohkoso Yohko (1990),Animation,0
1267,Idol Chat (2005),Talk-Show,0
1268,Idol Tonight (2006),Talk-Show,0
1269,Idol ko si Kap (2001),Comedy,0
1270,Idol stj÷rnuleit (2003),Game-Show,0
1271,Idol stj÷rnuleit (2003),Music,0
1272,Idol stj÷rnuleit (2003),Reality-TV,0
1273,Idol (2002),Game-Show,0
1274,Idol (2002),Music,0
1275,Idol (2003),Game-Show,0
1276,Idol (2003),Music,0
1277,Idol (2004),Game-Show,0
1278,Idol (2004),Music,0
1279,Idol (2004),Reality-TV,0
1280,Idol (2010),Comedy,0
1281,Idol (2010),Drama,0
1282,Idol (2010),Musical,0
1283,Idola Cilik (2008),Reality-TV,0
1284,Idoling!!! (2006),Comedy,0
1285,Idolos (2004),Drama,0
1286,Idols of the Game (1995),Documentary,0
1287,Idols of the Game (1995),Sport,0
1288,Idols! (2002),Game-Show,0
1289,Idols! (2002),Music,0
1290,Idols (2002),Game-Show,0
1291,Idols (2002),Music,0
1292,Idols (2003/I),Game-Show,0
1293,Idols (2003/I),Music,0
1294,Idols (2003/I),Reality-TV,0
1295,Idols (2003/II),Game-Show,0
1296,Idols (2003/II),Music,0
1297,Idols (2007),Game-Show,0
1298,Idols (2007),Music,0
1299,Idols (2008),Game-Show,0
1300,Idols (2008),Music,0
1301,Idool 2003 (2002),Game-Show,0
1302,Idool 2003 (2002),Music,0
1303,Idool 2003 (2002),Reality-TV,0
1304,Idool 2004 (2004),Game-Show,0
1305,Idool 2004 (2004),Music,0
1306,Idool 2004 (2004),Reality-TV,0
1307,Idool 2007 (2007),Game-Show,0
1308,Idool 2007 (2007),Music,0
1309,Idool 2007 (2007),Reality-TV,0
1310,Idool 2011 (2011),Game-Show,0
1311,Idool 2011 (2011),Music,0
1312,Idool 2011 (2011),Reality-TV,0
1313,Idool Extra (2003),Music,0
1314,Idris Elba: King of Speed (2013),Documentary,0
1315,Idris Elba: No Limits (2015),Documentary,0
1316,Ie naki ko Remi (1996),Adventure,0
1317,Ie naki ko Remi (1996),Animation,0
1318,Ie naki ko Remi (1996),Drama,0
1319,Ie ni gojo ari (2007),Drama,0
1320,Iechyd Da (1997),Drama,0
1321,Ieder Huisje... (2014),Action,0
1322,Ieder Huisje... (2014),Drama,0
1323,Ieder Huisje... (2014),Reality-TV,0
1324,Iedereen is gek op Jack (2011),Comedy,0
1325,Iera monopatia (2008),Documentary,0
1326,Iere Vibe (2007),Documentary,0
1327,Ieres mousikes (2002),Documentary,0
1328,Ieres mousikes (2002),Music,0
1329,Ieri oikogeneia (1997),Comedy,0
1330,Ietermag? (2002),Crime,0
1331,Ieuru onna (2016),Drama,0
1332,If College Freshman Were Honest on Move-In Day (2014),Comedy,0
1333,If God Is Willing and da Creek Don't Rise (2010),Documentary,0
1334,If I Can Dream (2010),Reality-TV,0
1335,If I Can't Have You (2016),Drama,0
1336,If I Ruled the World (1998),Game-Show,0
1337,If I Wasn't a Rock Star (????),Reality-TV,0
1338,"If It Moves, File It (1970)",Comedy,0
1339,If Katie Hopkins Ruled the World (2015),Talk-Show,0
1340,If Loving You Is Wrong (2014),Drama,0
1341,If My Dick Could Talk (2013),Comedy,0
1342,If My Dick Could Talk (2013),Talk-Show,0
1343,If Not for You (1995),Comedy,0
1344,If Not for You (1995),Romance,0
1345,If Star Wars Wasn't Serious (2014),Action,0
1346,If Star Wars Wasn't Serious (2014),Comedy,0
1347,If These Guitars Could Talk (????),Reality-TV,0
1348,If These Walls Could Speak (1965),Documentary,0
1349,If These Walls Could Talk (2013),Documentary,0
1350,If Tomorrow Comes (1986),Crime,0
1351,If Tomorrow Comes (1986),Drama,0
1352,If Tomorrow Comes (1986),Mystery,0
1353,If Walls Could Talk... (1998),Family,0
1354,If Walls Could Talk... (1998),History,0
1355,If Walls Could Talk... (1998),Reality-TV,0
1356,If Walls Could Talk: The History of the Home (2011),Documentary,0
1357,If Websites Were People (2012),Comedy,0
1358,If You Go Down to the Woods (2015),Horror,0
1359,If You Really Knew Me (2010),Reality-TV,0
1360,"If You See God, Tell Him (1993)",Comedy,0
1361,If You Were in My Shoes (2006),Documentary,0
1362,If You Were (2015),Comedy,0
1363,If You Were (2015),Short,0
1364,If [Blank] Were Real (2009),Comedy,0
1365,If a Bench Could Speak (2015),Drama,0
1366,If no futari (1992),Drama,0
1367,If the Crown Fits (1961),Comedy,0
1368,If... (2004),Drama,0
1369,If... (2004) {If... Drugs Were Legal (#2.3)},Drama,0
1370,LPGA Magazine (1993),Sport,0
1371,LUV and HAT (2014),Comedy,0
1372,LX New York (2009),Talk-Show,0
1373,La 2 noticias (1994),News,0
1374,La Agencia (2011),Comedy,0
1375,La Aldea Mx (2008),Talk-Show,0
1376,La Alondra (1964),Drama,0
1377,La Alondra (1964),Romance,0
1378,La Ambiciosa de Marbella (2011),Action,0
1379,La Argentina de Tato (1999),Comedy,0
1380,La Bamba med Filip & Fredrik (2014),Reality-TV,0
1381,La Banda (2010),Family,0
1382,La Banda (2015),Music,0
1383,La Bande des Minijusticiers (2013),Animation,0
1384,La Bande ? Carlos (1996),Talk-Show,0
1385,La Barra (2001),Comedy,0
1386,La Basse-cour des c?l?brit?s (2004),Comedy,0
1387,La Batalla de los Dioses (2012),History,0
1388,La Bella Tarea (2013),Documentary,0
1389,La Belle et ses Princes presque charmants (2012),Reality-TV,0
1390,La Belleza de Sentir (2008),Biography,0
1391,La Bestia (2017),Thriller,0
1392,La Bete (2011),Action,0
1393,La Bete (2011),Comedy,0
1394,La Biblia prohibida (2015),Documentary,0
1395,La Biblioteka (2008),Comedy,0
1396,La Bitch Fran?aise (2012),Comedy,0
1397,La Bloc (2002),Comedy,0
1398,La Boudeuse ? la d?couverte des peuples de l'eau (2006/I),Documentary,0
1399,La Boudeuse ? la d?couverte des peuples de l'eau (2006/II),Adventure,0
1400,La Boudeuse ? la d?couverte des peuples de l'eau (2006/II),Documentary,0
1401,La Bruja (2011),Biography,0
1402,La Bruja (2011),Crime,0
1403,La Bruja (2011),Drama,0
1404,La Bruja (2011),History,0
1405,La Bruja (2011),Thriller,0
1406,La CQ (2012),Comedy,0
1407,La Caja Deluxe (2011),Reality-TV,0
1408,La Canci?n de Chejeru (1997),Documentary,0
1409,La Cartellera (2005),News,0
1410,La Casa De Playhouse Disney (Ar) (2009),Comedy,0
1411,La Casa De Playhouse Disney (Ar) (2009),Family,0
1412,La Casa De Playhouse Disney (Ar) (2009),Musical,0
1413,La Casa De Playhouse Disney (Mx) (2009),Comedy,0
1414,La Casa De Playhouse Disney (Mx) (2009),Family,0
1415,La Casa De Playhouse Disney (Mx) (2009),Musical,0
1416,La Casa de Alba (1992),Documentary,0
1417,La Casa de Caronte (2011),Crime,0
1418,La Casa de Disney Junior (Ar) (2011),Comedy,0
1419,La Casa de Disney Junior (Ar) (2011),Family,0
1420,La Casa de Disney Junior (Ar) (2011),Musical,0
1421,La Casa de Disney Junior (Ar) (2011),Short,0
1422,La Casa de Disney Junior (Mx) (2011),Comedy,0
1423,La Casa de Disney Junior (Mx) (2011),Family,0
1424,La Casa de Disney Junior (Mx) (2011),Musical,0
1425,La Casa de Disney Junior (Mx) (2011),Short,0
1426,La Casa de Guanto (2013),Reality-TV,0
1427,La Casa de Pequitas (1972),Family,0
1428,La Casa de Pequitas (1972),Game-Show,0
1429,La Casa de la Troya (1960),Drama,0
1430,La Casa del Mar (2015/I),Crime,0
1431,La Casa del Mar (2015/I),Drama,0
1432,La Casa del Mar (2015/I),Thriller,0
1433,La Casa del Mar (2015/II),Drama,0
1434,La Casa (2015),Drama,0
1435,La Catturandi (2015),Drama,0
1436,La Caverne (2011),Comedy,0
1437,La Celestina (1983),Drama,0
1438,La Chaine a Moi (2009),Comedy,0
1439,La Chamba (2012),Comedy,0
1440,La Chasse au Tr?sor (1968),Adventure,0
1441,La Chine dans l'objectif (2013),Documentary,0
1442,La Chispa de Chef Carmen Gonzalez (2012),Talk-Show,0
1443,La Chroniqueuse (2014),Comedy,0
1444,La Ch·cara (2014),Drama,0
1445,La Clinica (2012),Comedy,0
1446,La Coatlique (2010),Documentary,0
1447,La Colombina 280 (2004),Comedy,0
1448,La Conexion (2001),Talk-Show,0
1449,"La Corse, beaut? sauvage (2013)",Documentary,0
1450,La Corte Del Juez Pe±a (2004),Drama,0
1451,La Cosa Nostra (2000),Comedy,0
1452,La Cosa Nuestra (2012),Comedy,0
1453,La Cosa Nuestra (2012),Thriller,0
1454,La Cualquiera (2014),Drama,0
1455,La Cuba De Fidel (2011),Documentary,0
1456,La Cucafera (1981),Family,0
1457,La Dama de Troya (2008),Drama,0
1458,La Desgraciada Una Novela (2015),Drama,0
1459,La Diosa Coronada (2010),Drama,0
1460,La Do±a (2010),Drama,0
1461,La Do±a (2011),Drama,0
1462,La Do±a (2016),Drama,0
1463,La Do±a (2016),Romance,0
1464,La Dump (2015),Comedy,0
1465,La Duquesa II (2011),Drama,0
1466,La Era de las Definiciones (2015),News,0
1467,La Escuelita de las Am?ricas (2011),Animation,0
1468,La Espa±a de V?ctor Ros (2015),Documentary,0
1469,La Espa±a de los Botejara (1978),Documentary,0
1470,La Espa±a salvaje (1996),Documentary,0
1471,La Esquina de Ren? (1992),Comedy,0
1472,La Esquina de Ren? (1992),Game-Show,0
1473,La Esquina de Ren? (1992),Music,0
1474,La Esquina de Ren? (1992),Talk-Show,0
1475,La Estrella Nunki (2008),Family,0
1476,La Expedici?n (2010),Drama,0
1477,La Expedici?n (2010),Reality-TV,0
1478,La FRAT (2015),Thriller,0
1479,La Famiglia (2016),Drama,0
1480,La Familia Cheveroni (2008),Family,0
1481,La Familia de al Lado (2010),Crime,0
1482,La Familia de al Lado (2010),Drama,0
1483,La Familia de al Lado (2010),Horror,0
1484,La Familia de al Lado (2010),Mystery,0
1485,La Familia de al Lado (2010),Thriller,0
1486,La Familia del Barrio (2013),Animation,0
1487,La Familia del Barrio (2013),Comedy,0
1488,Las Redonditas (2000),Family,0
1489,Las Sant?simas (2012),Drama,0
1490,Las Sant?simas (2012),Romance,0
1491,Las Trampas de Falopio (2014),Drama,0
1492,Las Trampas del Deseo (2013),Drama,0
1493,Las Tundas of the Valley (2010),Drama,0
1494,Las Tundas of the Valley (2010),Horror,0
1495,Las Tundas of the Valley (2010),Thriller,0
1496,Las Vega's (2013),Comedy,0
1497,Las Vega's (2013),Drama,0
1498,Las Vega's (2013),Musical,0
1499,Las Vega's (2013),Romance,0
1500,Las Vegas Blvd (2016),Drama,0
1501,Las Vegas Garden of Love (2005),Documentary,0
1502,Las Vegas Garden of Love (2005),Reality-TV,0
1503,Las Vegas Grit: Next Exit (2014),Talk-Show,0
1504,Las Vegas Jailhouse (2010),Reality-TV,0
1505,Las Vegas Law (2006),Reality-TV,0
1506,Las Vegas Law (2016),Documentary,0
1507,Las Vegas Morning Blend (2010),News,0
1508,Las Vegas (1966),Music,0
1509,Las Vegas (2003),Crime,0
1510,Las Vegas (2003),Drama,0
1511,Las V?as del Amor (2002),Crime,0
1512,Las V?as del Amor (2002),Drama,0
1513,Las V?as del Amor (2002),Romance,0
1514,Las V?as del Amor (2002),Thriller,0
1515,Las Zuquillo (2005),Comedy,0
1516,Las abuelas (1965),Drama,0
1517,Las abuelas (1965),Romance,0
1518,Las amantes (2001),Drama,0
1519,Las amazonas (2016),Drama,0
1520,Las andadas con el Mochis (2007),Adventure,0
1521,Las aut?nticas aventuras del profesor Thompson (1992),Animation,0
1522,Las aventuras de Capulina (1989),Comedy,0
1523,Las aventuras de Capulina (1989),Family,0
1524,Las aventuras de Doctor Miniatura (2006),Comedy,0
1525,Las aventuras de Hijitus (1967),Adventure,0
1526,Las aventuras de Hijitus (1967),Animation,0
1527,Las aventuras de Hijitus (1967),Comedy,0
1528,Las aventuras de Hijitus (1967),Family,0
1529,Las aventuras del D.I.S. (2001),Adventure,0
1530,Las aventuras del D.I.S. (2001),Family,0
1531,Las aventuras del D.I.S. (2001),Mystery,0
1532,Las aventuras del Topo Gigio (2004),Family,0
1533,Las aventuras del capitßn Alatriste (2015),Adventure,0
1534,Las aventuras del hada Rebeca (1976),Family,0
1535,Las caras de la noticia (2014),Documentary,0
1536,Las caras del crimen (2002),Mystery,0
1537,Las cerezas (2004),Talk-Show,0
1538,Las chakalozas (2009),Music,0
1539,Las chancletas de papß (1984),Comedy,0
1540,Las chicas de enfrente (1998),Drama,0
1541,Las chicas de la calle (2003),Comedy,0
1542,Las chicas de oro (2010),Comedy,0
1543,Las chicas del cable (2017),Drama,0
1544,Las chicas (1965),Comedy,0
1545,Las chicas (1965),Musical,0
1546,Las claves de El Caso (2016),Crime,0
1547,Las comedias de Dar?o Vittori (1989),Comedy,0
1548,Las coplas (1989),Musical,0
1549,Las cortes de Espa±a (1983),News,0
1550,Las cosas de los Campanelli (1971),Comedy,0
1551,Las desventuras de Mr. Pogo (2011),Comedy,0
1552,Las detectivas y el V?ctor (2009),Comedy,0
1553,Las diez de ·ltimas (1969),Game-Show,0
1554,Las doce caras de Eva (1971),Comedy,0
